1515710,fifa.worldcup.co
2544610,fifa world cupc
2998520,world cup soccer 2004
5451523,pedro kozak world cup soccer
3199871,the new world cup 2006 soccer ball
6308419,world cup soccer t-shirts
2192651,soccer tickets world cup germany
693914,scoccerworldcup.com
9691987,spain's chances in 2006 fifa world cup
8827346,us national soccer world cup 2006 team
933552,world cup soccer sleeping bag
1468468,history of fifa world cup
6828698,worldcup soccer statue
8017202,soccer world cup england
6971539,worldcup soccer
3586398,fifa 2006 road to the world cup review
5419451,women's world cup soccer
333052,casio fifa world cup watch
2148770,fifa 2006 world cup
7757825,fifaworldcuptickets
4165954,www. fifa 2006 world cup.com
3632991,tournament structure of fifa world cup
7464663,fifa wrold cup 2006
4655698,www.wolrdcupfifa.com
7148570,mexican players fifa world cup
7834639,world occer cup 2006
2703588,"2006 world cup soccer tv schedule"
8013994,world cup soocer
2678957,fifaworldcup
7095843,"1930 fifa world cup penalty shot by mexico"
5026899,www.wordcupsoccer.com
6314987,fifa geremay world cup tour ticket price
8325593,"2006 20 manchester 20united 20 cup 20united 20staes 20 finals"
8059532,world cup soccer in munich
10031477,soccer world cup polish national team
5003079,worlcupsoccergermany.com
8088567,fifa world cup
662412,"2006 fifa world cup"
6669255,world cup soccer on television
2193164,worldcupsoccer2006
2515122,world cup fifa
8853634,fifa world cup germany 2006 sticker album
4063374,"1930 fifa world cup penal shot by mexico"
337204,fifa worldcup
8955932,fifa world cup 1998 bracet board
9107147,fifa world cup 1998 3rd place finish
7819891,best of world cup soccer
4423591,soccer world cup schedule
5244013,friendly international soccer scores world cup
6804543,www.fifa world cup.com
1487555,world cup soccer
6030550,fifaworldcup.yahoo.com
1903181,world cup soccer championships
7927987,music world cup soocer 2006
3447881,fifaworldcupespn
8093965,worldcup 2006 soccer
6831206,world cup of soccer
941964,wwwfifaworldcup.yahoo.com
7958957,fifa world cup 1940
526897,video of 1972 world cup soccer
3812379,"2006 stanly cup finals schedule"
6161034,www.2006fifaworldcup.com
2329469,world cup soccer texas
853340,channels to watch fifa world cup
4661933,world cup finals dressage
8631676,u.s. soccer world cup
1716433,www.worldsoccershop.cpm
7145909,u.s.world cup soccer team
5465725,"2006 world cup soccer schedule"
7243714,fifa world cup tickets
6931730,fifa world cup germany 2006
5958099,world cup soccer results
3462209,soccer world cups
3614245,fifa world cup germany
4494064,socer world cup
7905953,www.fifaworldcup.html
7031988,world cup soccer groups
6147047,world cup soccer start date
2536656,espn fifa 06 world cup commercial
4995313,kuala lumpur malaysia world cup showjumping finals
6402547,fifa 06 world cup commercial
3889382,fifa world cup.com
3352684,fifa world cup 1998
9427909,fifa 06 world cup commercial on espn and espn 2
4305532,worlcupsoccer2006.com
8789867,adidas 2006 fifa world cup track jackets
6603245,www.fifaworldcup..com
8925162,fif world cup
6017999,www.worldcup.fifa.com
9678187,"2006 soccer world cup"
4414204,world cup soccer games
2777707,worldcupsoccer2006gametimes
8931778,soccer world cup christian
2650883,rules on advancement at world cup soccer
9165497,where to buy 2006 fifa world cup panini album
672533,soccer worldcup
4315165,wolrd cup soccer
541939,fifa worldcup .com
6805874,fifa world cup 2005
8932178,world cup soccer fan forum
1493125,www.world cuo soccer
3029843,worldcupsoccer.com
2312155,fifa world cup 1990
7357774,www.world cup soccer.com
1180801,world cup soccer highlights
4320248,worldcup soccer trophy
8297061,fifaworldcupgames1990
2853976,music world cup soccer 2006
4688095,world soccer cup song
7412721,fifa world cup sticker album
2547687,world cup soccer balls
8629629,www.fifa2006worldcup.com
1502583,us mens world cup soccer team
6482934,world cup socer historia
4595724,www.fifaworldcup.c
9434474,"2006 smr cup finals"
2781602,www fifaworldcup2006.com
9960687,"2006 fifa world cup - preliminaries photos"
9004417,coke world cup soccer
8640806,paninigroup.com 2006fifaworldcup home.asp
462863,"2006 fifa world cup soccer"
568205,fifa.worldcup.com
5953211,fifaworldcop.yahoo.com
6737976,structure of fifa world cup
6197568,portugal soccer world cup
3017978,portuguese world cup soccer team
3514318,"1930 fifa world cup"
1490862,the 2006 stanley cup finals
5466394,www.worldcupsoccer2006
9125651,juan pirata fuente fifa world cup 1930
6998742,soccer world cup eastern time
7815336,worldcupsoccer game
5898494,worldcup soccer medal
763578,world soccer cup germany 2006
194803,adidas 2006 teamgeist fifa world cup official match ball
2998587,world cup soccer munich
9987495,soccerworldcup.com
6758044,teams qualifying for the fifa world cup 2006
6788053,http www.fifaworldcup.com 06 en tickets taf.html
4533686,world cup soccer schedule
490015,out ot 71natlons brdzll hds oppedred in the most world cup soccer tourndments-17timesl.
3396350,www.fifaworldcup.com 06 de tickets selfservice.html
2531819,www.2006 fifaworldcup
1214432,"2006 fifa world cup panini album"
6279169,fifa world cup 1994
8541517,world cup soccer 2006 tv schedule
424064,world cup soccer clothes
2468677,world soccer cup song in spanish
6842061,world cup soccer sleeepng bag
9633936,fifa world cup ranking
8868998,www.fifa.worldcup.com
2633932,fifaworldcup.yahoo.com'
4437026,fifa world cup germany 2006 ps2
9399477,worlds women soccer cup 1999
5363959,"2006 world cup soccer bal"
5158725,fifa2006 world cup
5805885,world soccer cup
7936514,friisco world cup soccer texas
56617,soccer world cup eastern time for games
1409014,www.fifaworldcup
8096897,world cup soccer jerseys
5312587,world soccer cup 2006
34510,www.worldcupsoccer
9472505,world cup soccer information
4320932,"2006 world cup soccer"
6541667,"2006worldcupsoccer.com"
4957519,qualifications for 2006 world cup
3203,italy soccer world cup
6852443,www.population fifa world cup.yahoo.com
4622059,fifa world cup 1930 first mexican to score penalty shot
2288967,www.fifa world cup 2006.com
10016392,ps2 fifa world cup germany 2006 team roster
5126224,"1973 world cup soccer"
3680868,espn world cup soccer
4636439,usa world cup soccer
3485260,"2002 fifa world cup"
8101056,worldcupsoccer
5842317,world cup soccer clothing line
2313582,world cup soccer tv
9768982,soccer world cup estern time
6836490,fifaworldcut2006.com
8624335,world cup soccer packeges
232282,fussball weltmeisterschaft
4584066,u10 finalists in the 2006 jefferson cup tournament va
7631218,the head of fifa said bird flu could force the cancellation of june;s world cup in germany in what sport
346803,world cup soccer final
6185408,soccer world cup fixture
6748058,www.worldcupsoccerpools.com
5022328,world cup soccer france
2044158,world cup soccer 2006
1245327,world cup mascotsevery world cup has its own mascot. for 2006 we have the all-singing all-dancing goleo iv and his friend pille a talking football. have you ever wondered what kind of mascots there were in previous world cups check out mascots from over the years and vote for your favourite 2006 germany - goleo vimeet goleo vi the official mascot of the 2006 fifa world cup. along with his sidekick pille the talking football his job is to make the world cup a rrroaring success
8372610,www.fifaworlccup.com
1457205,www.worldcup2006usasoocer.com
9465048,africa world cup soccer
8362839,world cup soccer television broadcasts
6825570,worldcup soccer 2006 fixtures
8423126,2006 20manchester 20united 20cup 20united 20staes 20finals
3854836,msn.comfifaworldcup.com
8777432,www.worldcup2006usasoccerteam.com
9723876,world cup soccer rules
7287644,fifaworlscup
7500388,fifa word cup 06 eliminations
8066498,fifa world cup 1998 final four standing
220943,free fifa world cup cursors
8415458,fifasworldcup
6491984,www.world cup slime soccer.com
4349580,world cup soccer trip packages
5606823,free fifa 2006 world cup cursors
1302267,http www.2006 fifa world cup.com
5265247,italy qualifications for 2006 world cup
792619,http www.the fifa world cup.com
1816190,fifa worldcup 2006
10131433,us world cup soccer team
5531703,fifa world cup germany 2006 game
4803337,ps2 fifa world cup germany 2006
1482162,fifa world cup 1998 standing
3120419,fifa word cup 06
1892555,fifa world cup 2002
5082635,soccer. com worldcuptrivia
9730038,world cub soccer tournament
4541194,"2006-southtexascupdistfinals"
8827567,last years world cup of soccer
6892893,fifa world cup schedule
9277569,world cup soccer matches in england
3171128,italy quilifications for 2006 world cup
8722312,worldcupsoccer.org
9756366,fifaworldcup.com
6538255,wordcup soccer shop.com
5731334,fifa world cup 2006
6432503,worldcup soccer 2006
9481664,"2006 world cup fifa"
2875931,http fifa world cup.com
4053453,www.worldcupsoccer.com
3163826,fifa world cup 1998 4th place finish
8084011,"2006 fifa world cup game for ps2"
9472071,portugal world cup soccer team
610122,usa pro soccer world cuo clothing k
4333608,www.fifa world cup.yahoo.com
9513717,"2006 fifa world cup host cities"
811257,official fifa worldcup site
6438060,world cup soccer history
235527,www.worlfifacup2006.com
1738648,soccer world cup
616799,"2006fifaworldcup.com"
3992222,fifa wold cup 1990
1544263,www.fifaworldcup.com
7960447,fifa world cup shirts
8945640,worldcup soccer goldtrophy
6987516,www fifa world cup calendar.com
965778,"2006 stanley cup finals schedule"
